Title,Description,Likes,Views,Comments
I‚Äôm Going To Be A Dad,"Another Paul has entered the chat
SUBSCRIBE FOR DAILY VLOGS! ‚ñ∫ http://bit.ly/Subscribe2Logan

Watch Previous Vlog (Why 2023 Was The Best Year Of My Life) ‚ñ∫ https://youtu.be/4IVUEI6U-PU?si=2kmysizM1BfGZ98w

ADD ME ON:
INSTAGRAM: https://www.instagram.com/LoganPaul/
TWITTER: https://twitter.com/LoganPaul

Watch our IMPAULSIVE Podcast ‚ñ∫ https://www.youtube.com/impaulsive
OR IMPAULSIVE CLIPS ‚ñ∫ https://www.youtube.com/impaulsiveclips

I‚Äôm a 29 year old living in Puerto Rico. This is my life.
https://www.youtube.com/LoganPaulVlogs",51914,1280161,1618
LOGAN PAUL - WHY 2023 WAS THE BEST YEAR OF MY LIFE,"Another insane year... Thank you.
SUBSCRIBE FOR DAILY VLOGS! ‚ñ∫ http://bit.ly/Subscribe2Logan

Watch Last Year‚Äôs Review (2022) ‚ñ∫ https://youtu.be/oAvNm4P75lQ?si=rg-iq3EFG0sNbfC_

ADD ME ON:
INSTAGRAM: https://www.instagram.com/LoganPaul/
TWITTER: https://twitter.com/LoganPaul

Watch our IMPAULSIVE Podcast ‚ñ∫ https://www.youtube.com/impaulsive
OR IMPAULSIVE CLIPS ‚ñ∫ https://www.youtube.com/impaulsiveclips

I‚Äôm a 28 year old living in Puerto Rico. This is my life.
https://www.youtube.com/LoganPaulVlogs",68392,1265291,1965
I am a WWE Champion,"Don‚Äôt lie to the US Champ.
SUBSCRIBE FOR DAILY VLOGS! ‚ñ∫ http://bit.ly/Subscribe2Logan

Watch Previous Vlog (I Almost Lost The Fight) ‚ñ∫ https://youtu.be/ucW2DM2VsIc?si=KFHPB0poBE9KK83r

ADD ME ON:
INSTAGRAM: https://www.instagram.com/LoganPaul/
TWITTER: https://twitter.com/LoganPaul

Watch our IMPAULSIVE Podcast ‚ñ∫ https://www.youtube.com/impaulsive
OR IMPAULSIVE CLIPS ‚ñ∫ https://www.youtube.com/impaulsiveclips

I‚Äôm a 28 year old living in Puerto Rico. This is my life.
https://www.youtube.com/LoganPaulVlogs",78068,1935454,1730
I Almost Lost The Fight,"That was a close one‚Ä¶ DRINK PRIME
SUBSCRIBE FOR DAILY VLOGS! ‚ñ∫ http://bit.ly/Subscribe2Logan

Watch Previous Vlog (My Boxing Return) ‚ñ∫ https://youtu.be/OwNpwbpszxA?si=LVPoNZsVpQyuHoUL

ADD ME ON:
INSTAGRAM: https://www.instagram.com/LoganPaul/
TWITTER: https://twitter.com/LoganPaul

Watch our IMPAULSIVE Podcast ‚ñ∫ https://www.youtube.com/impaulsive
OR IMPAULSIVE CLIPS ‚ñ∫ https://www.youtube.com/impaulsiveclips

I‚Äôm a 28 year old living in Puerto Rico. This is my life.
https://www.youtube.com/LoganPaulVlogs",98581,2634072,2742
My Boxing Return,"October 14, I‚Äôve got a lot to prove‚Ä¶
SUBSCRIBE FOR DAILY VLOGS! ‚ñ∫ http://bit.ly/Subscribe2Logan

Watch Previous Vlog (I Got Engaged) ‚ñ∫ https://youtube.com/watch?v=hk1T_um0lCA&feature=sharea

ADD ME ON:
INSTAGRAM: https://www.instagram.com/LoganPaul/
TWITTER: https://twitter.com/LoganPaul

Watch our IMPAULSIVE Podcast ‚ñ∫ https://www.youtube.com/impaulsive
OR IMPAULSIVE CLIPS ‚ñ∫ https://www.youtube.com/impaulsiveclips

I‚Äôm a 28 year old living in Puerto Rico. This is my life.
https://www.youtube.com/LoganPaulVlogs",107373,2285201,4372
I Got Engaged,"I can‚Äôt believe it‚Ä¶
SUBSCRIBE FOR DAILY VLOGS! ‚ñ∫ http://bit.ly/Subscribe2Logan

Watch Previous Vlog (I Ended KSI‚Äôs Career) ‚ñ∫ https://youtube.com/watch?v=jxChwc0d5Jo&feature=sharea

ADD ME ON:
INSTAGRAM: https://www.instagram.com/LoganPaul/
TWITTER: https://twitter.com/LoganPaul

Watch our IMPAULSIVE Podcast ‚ñ∫ https://www.youtube.com/impaulsive
OR IMPAULSIVE CLIPS ‚ñ∫ https://www.youtube.com/impaulsiveclips

I‚Äôm a 28 year old living in Puerto Rico. This is my life.
https://www.youtube.com/LoganPaulVlogs",381039,5922938,16903
I Ended KSI‚Äôs Career,"BEST BIRTHDAY EVER
SUBSCRIBE FOR MORE! ‚ñ∫ http://bit.ly/Subscribe2Logan

Watch Previous Vlog (KSI Left Prime) ‚ñ∫ https://youtu.be/FIVzREhIhUY

ADD ME ON:
INSTAGRAM: https://www.instagram.com/LoganPaul/
TWITTER: https://twitter.com/LoganPaul

Watch our IMPAULSIVE Podcast ‚ñ∫ https://www.youtube.com/impaulsive
OR IMPAULSIVE CLIPS ‚ñ∫ https://www.youtube.com/impaulsiveclips

I‚Äôm a 28 year old living in Puerto Rico. This is my life.
https://www.youtube.com/LoganPaulVlogs",204651,7954499,6001
KSI Left Prime,"Prime almost never happened
SUBSCRIBE FOR DAILY VLOGS! ‚ñ∫ http://bit.ly/Subscribe2Logan

Watch Previous Vlog (Why 2022 Was The Best Year Of My Life) ‚ñ∫ https://youtu.be/oAvNm4P75lQ

ADD ME ON:
INSTAGRAM: https://www.instagram.com/LoganPaul/
TWITTER: https://twitter.com/LoganPaul

Watch our IMPAULSIVE Podcast ‚ñ∫ https://www.youtube.com/impaulsive
OR IMPAULSIVE CLIPS ‚ñ∫ https://www.youtube.com/impaulsiveclips

I‚Äôm a 27 year old living in Puerto Rico. This is my life.
https://www.youtube.com/LoganPaulVlogs",268918,7759289,7304
Logan Paul & KSI - Prime‚Äôs Big Game Commercial,"Logan Paul & KSI come together for the first creator owned Big Game commercial as seen on FOX.
SUBSCRIBE FOR DAILY VLOGS! ‚ñ∫ http://bit.ly/Subscribe2Logan

Watch Previous Vlog (Logan Paul & KSI Surprise Fans With Prime Energy) ‚ñ∫ https://youtu.be/X1UQb4brmUs

ADD ME ON:
INSTAGRAM: https://www.instagram.com/LoganPaul/
TWITTER: https://twitter.com/LoganPaul

Watch our IMPAULSIVE Podcast ‚ñ∫ https://www.youtube.com/impaulsive
OR IMPAULSIVE CLIPS ‚ñ∫ https://www.youtube.com/impaulsiveclips

I‚Äôm a 27 year old living in Puerto Rico. This is my life.
https://www.youtube.com/LoganPaulVlogss

Director or Photography: Kevin Galvan (@kevingmov)",42556,1198283,1906
LOGAN PAUL - WHY 2022 WAS THE BEST YEAR OF MY LIFE,"Thank YOU for everything.
SUBSCRIBE FOR DAILY VLOGS! ‚ñ∫ http://bit.ly/Subscribe2Logan

Watch Previous Vlog (Logan Paul & KSI Surprise Fans With Prime Energy) ‚ñ∫ https://youtu.be/X1UQb4brmUs

ADD ME ON:
INSTAGRAM: https://www.instagram.com/LoganPaul/
TWITTER: https://twitter.com/LoganPaul

Watch our IMPAULSIVE Podcast ‚ñ∫ https://www.youtube.com/impaulsive
OR IMPAULSIVE CLIPS ‚ñ∫ https://www.youtube.com/impaulsiveclips

I‚Äôm a 27 year old living in Puerto Rico. This is my life.
https://www.youtube.com/LoganPaulVlogsn",137149,2123037,N/A
Logan Paul & KSI Surprise Fans With Prime Energy,"New year, new product. Introducing Prime ENERGY‚ö°Ô∏è 
PRIME Store Locator ‚ñ∫ https://drinkprime.com/pages/where-to-buy
Available at Walmart, Target, Kroger, Vitamin Shoppe, GNC, & more‚Ä¶
SUBSCRIBE FOR DAILY VLOGS! ‚ñ∫ http://bit.ly/Subscribe2Logan

Watch Previous Vlog (I Took 4,120 Polaroids In 99 Days) ‚ñ∫ https://youtu.be/XsGOQP-B0gU

ADD ME ON:
INSTAGRAM: https://www.instagram.com/LoganPaul/
TWITTER: https://twitter.com/LoganPaul

Watch our IMPAULSIVE Podcast ‚ñ∫ https://www.youtube.com/impaulsive
OR IMPAULSIVE CLIPS ‚ñ∫ https://www.youtube.com/impaulsiveclips

I‚Äôm a 27 year old living Puerto Rico. This is my life.
https://www.youtube.com/LoganPaulVlogso",93448,1801244,N/A
I‚Äôll Never Fight Again,"Get the WWE Logan Paul Action Figure ‚ñ∫ https://Creations.Mattel.com
SUBSCRIBE FOR DAILY VLOGS! ‚ñ∫ http://bit.ly/Subscribe2Logan

Watch Previous Vlog (I Took 4,120 Polaroids In 99 Days) ‚ñ∫ https://youtu.be/XsGOQP-B0gU

ADD ME ON:
INSTAGRAM: https://www.instagram.com/LoganPaul/
TWITTER: https://twitter.com/LoganPaul

Watch our IMPAULSIVE Podcast ‚ñ∫ https://www.youtube.com/impaulsive
OR IMPAULSIVE CLIPS ‚ñ∫ https://www.youtube.com/impaulsiveclips

I‚Äôm a 27 year old living Puerto Rico. This is my life.
https://www.youtube.com/LoganPaulVlogs",279318,6243719,N/A
"I Took 4,120 Polaroids In 99 Days","üì∏ 99 Original, 1/1 Polaroids by LP ‚ñ∫ https://originals.com
On August 21, 2021, I was thrust into a creative maelstrom that tied together every piece of my life in the past, present, and future. The following 99 days would cultivate the most transformative journey of my life‚Ä¶

I pushed myself to the furthest mental and physical depths while trekking 84,029 miles around the globe with a Polaroid camera. 

During that time, I broke bones, witnessed miracles, nearly severed my family, experienced substance addiction, travelled with the world‚Äôs wealthiest, fell in love (more than once), lived dangerously in the present, and concluded with 99 of the most significant moments of my life captured on tangible film. 

This is the story of 99 Originals.

FOLLOW 99 ORIGINALS:
DISCORD: https://discord.com/invite/originalsdao
INSTAGRAM: https://www.instagram.com/99originals/
TWITTER: https://twitter.com/originalsdao

SUBSCRIBE FOR VLOGS! ‚ñ∫ http://bit.ly/Subscribe2Logan

Lead Editor:
Hayden Hillier-Smith @HillierSmith 

ADD ME ON:
INSTAGRAM: https://www.instagram.com/LoganPaul/
TWITTER: https://twitter.com/LoganPaul

Watch our IMPAULSIVE Podcast ‚ñ∫ https://www.youtube.com/impaulsive
OR IMPAULSIVE CLIPS ‚ñ∫ https://www.youtube.com/impaulsiveclips

I‚Äôm a 27 year old multi-hyphenate living in Puerto Rico. This is my life.
https://www.youtube.com/LoganPaulVlogs

Chapters:
0:00 Intro
1:24 #56 UpDog
2:12 #34 Mermaids Don‚Äôt Exist (Anymore)
3:12 #9 Exit My Orbit
4:08 #28 Jake Paul Beats Tyron Woodley
5:09 #29 Victory Lap
5:47 #75 Ephelides
6:33 #31 Mike Tyson‚Äôs Pigeons
7:30 #92 Cannibal
8:23 #81 Black Mirror
9:19 #74 Salvador Pyramid
10:02 #51 Stonehenge
10:59 #58 Was Has Gas Du Gedacht
11:59 #16 A Demolition Of The Third Metacarpal
13:00 #41 The April Fool
13:45 #78 A Very Liberating Experience
14:38 #94 Beautiful Nowhere
15:27 #73 Flightless
16:20 #12 The Mountain
17:02 #25 Whale?
18:02 #72 Flight to Flight to Flight
19:03 #15 Fortune Favors The Bold
19:49 #14 Bored Ape
20:46 #20 Orange Sunshine
21:41 #35 A Broken World Record
22:04 #76 Life & Death
22:47 #23 Two Tabs of LSD
23:36 #36 David Choe, Really Interesting Person
24:48 #61 Recovery Room
25:36 #22, #77, #55 Twins
26:21 #83 To The Honeymoon
27:16 #50 Bullseye
28:15 #1 Original_One
28:52 #97 Chasing Tarantino
29:49 #5 Thank You Gary
30:49 #93 Alec Monopoly Tags A G4
31:55 #37 Fully Belly Afternoon
32:56 #52 Apex Predators
33:18 #96 Mother & Son
34:13 #90 Shipwrecked
34:54 #98 Vitruvian Woman
35:48 #65 Where You Go, I Go
37:21 #85 The Last Blockbuster
38:19 #64 Rainbow Road
39:21 #99 Originals

Premium Music Provided by Lickd.
Get this and other songs for your next YouTube video at https://lickd.co

Get A Spaceman Came Travelling by Chris De Burgh
here https://lickd.lnk.to/H6YopTID!Logan%20Paul
License ID: VOWLZqK72YJ

Get F**k by Oliver Tree
Here https://lickd.lnk.to/srzo0NID!Logan%20Paul
License ID: 5K6dpwP56VD

Get Bring Back The Happiness by Stone Foundation
here https://t.lickd.co/a3c515c965634ce3b3d3d719bad6120b
License ID: lDW4y0vkrYQ

Get It Must Be Love (2009 - Remaster) by Madness
here https://lickd.lnk.to/cb5SFmID!Logan%20Paul
License ID: MD46mkl71ez

Get Gold (2003 Remaster) by Spandau Ballet
here https://lickd.lnk.to/h1p6AqID!Logan%20Paul
License ID: zadWlVPvKrv

Get Gold (Instrumental) by Spandau Ballet here https://t.lickd.co/42f5c8a64b3e405fa59eff5990d6731b
License ID: qe0gyJjjXp6

Get The Power Of Love by Frankie Goes To Hollywood
here https://lickd.lnk.to/2IQlmdID!Logan%20Paul
License ID: 7ylW4LawnwL

Get The Power Of Love (Instrumental Singlette Version) by Frankie Goes To Hollywood
here https://t.lickd.co/9d176852f9b2489a9eb4d12bec432b02
License ID: VAE2L82Zlaq

Get Never Enough(Orchestral Version) by Visage here https://t.lickd.co/5334d7fe82f94b11b82901b3c957ffa4
License ID: kdpjr2dMpQb

Get Rather You Shot Me Down by The Urban Voodoo Machine here https://t.lickd.co/8a81be07489a44af8a740ebb9bc249fc
License ID: 2V18gPEzJy4

Get Love Me Again by John Newman
here https://lickd.lnk.to/RqBy3dID!Logan%20Paul
License ID: w1Qnk1pPYjy

Get Bad To The Bone by George Thorogood & The Destroyers
here https://lickd.lnk.to/wdoajiID!Logan%20Paul
License ID: WP3PonAVan5",466267,8731874,13970
"I Bought The World‚Äôs Most Expensive Pok√©mon Card ($5,300,000)","Available NOW! Co-own the PSA 10 Pikachu Illustrator with me on Liquid MarketPlace ‚ñ∫ https://trade.liquidmarketplace.io/signup?aff=Illustrator
SUBSCRIBE FOR MORE ‚ñ∫ http://bit.ly/Subscribe2Logan

ADD ME ON INSTAGRAM:
https://www.instagram.com/LoganPaul/

Watch our IMPAULSIVE Podcast ‚ñ∫ https://www.youtube.com/impaulsive
OR IMPAULSIVE CLIPS ‚ñ∫ https://www.youtube.com/impaulsiveclips

Watch Previous Vlog (Logan Paul & KSI Went Bald For Prime) ‚ñ∫ https://youtu.be/cbGmzdjcAYw

Edited by: Hayden Hillier-Smith (@HillierSmith )
https://www.instagram.com/hhilliersmith/

Director of Photography: Kevin Galvan (@KevinGMov)
https://www.instagram.com/kevingmov/

Pokemon Style Animation by:  @HowardWimshurst 
http://www.howardwimshurst.com/

Additional Sound Design and Mix: Vannessa Audio (@sounddesign1012 )
https://youtube.com/channel/UCBanmmeC5ylIe8dG-MUOoJQ

Additional Visual FX: Finn Hitchcock (@FinnHitchcock)
https://www.instagram.com/finn.hitchcock/

Character Pixel Art by: Ejay Fernandez
https://www.fiverr.com/ejayfernandez

Pokemon Map Art by: Gianni Piccioni
https://www.fiverr.com/giannipiccioni


I‚Äôm a 27 year old living in Puerto Rico. This is my life.
https://www.youtube.com/LoganPaulVlogs",291230,8200525,8545
Logan Paul & KSI Went Bald For Prime,"Stay hydrated. Drink Prime ‚ñ∫ https://drinkprime.com
SUBSCRIBE FOR DAILY VLOGS! ‚ñ∫ http://bit.ly/Subscribe2Logan

Watch Previous Vlog (Logan Paul & KSI Go Undercover At Walmart) ‚ñ∫ https://youtu.be/gHJaXRZElXs

Music by Too Many T's
Spotify: https://spoti.fi/3ytE743
Apple: https://apple.co/399eV8k
Insta/TikTok: @toomanyts 

Edited by: @HillierSmith 
INSTAGRAM: https://www.instagram.com/hhilliersmith/
TWITTER: https://twitter.com/hhilliersmith

Shot By: 
https://instagram.com/kevingmov
https://instagram.com/davidsonn

ADD ME ON:
INSTAGRAM: https://www.instagram.com/LoganPaul/
TWITTER: https://twitter.com/LoganPaul

Watch our IMPAULSIVE Podcast ‚ñ∫ https://www.youtube.com/impaulsive
OR IMPAULSIVE CLIPS ‚ñ∫ https://www.youtube.com/impaulsiveclips

I‚Äôm a 27 year old creator living in Puerto Rico. This is my life.
https://www.youtube.com/LoganPaulVlogs",419292,6400688,13258
I Made A Masterpiece | Logan Paul's 99 Originals (Official Trailer),"Coming April 18...
üì∏ 99 Original, 1/1 Polaroids by LP ‚ñ∫ https://originals.com
On August 21, 2021, I was thrust into a creative maelstrom that tied together every piece of my life in the past, present, and future. The following 99 days would cultivate the most transformative journey of my life‚Ä¶

I pushed myself to the furthest mental and physical depths while trekking 84,029 miles around the globe with a Polaroid camera. 

During that time, I broke bones, witnessed miracles, nearly severed my family, experienced substance addiction, travelled with the world‚Äôs wealthiest, fell in love (more than once), lived dangerously in the present, and concluded with 99 of the most significant moments of my life captured on tangible film. 

This is the story of 99 Originals.

FOLLOW 99 ORIGINALS:
INSTAGRAM: https://www.instagram.com/99originals/
TWITTER: https://twitter.com/originalsdao

Watch our IMPAULSIVE Podcast ‚ñ∫ https://www.youtube.com/impaulsive
OR IMPAULSIVE CLIPS ‚ñ∫ https://www.youtube.com/impaulsiveclips

I‚Äôm a 27 year old artist living in Puerto Rico. This is my life.
https://www.youtube.com/LoganPaulVlogs

Assistant Editor: Keila Dolle
https://instagram.com/keiladolle?igshid=YmMyMTA2M2Y=

Director of Photography: Kevin Galvan (@KevinGMov)",169173,3046033,4561
Logan Paul & Arnold Schwarzenegger | Slap Fighting Championship (Official Live Stream),"Arnold Schwarzenegger and Logan Paul, together with Fanmio and PunchDown, are bringing you the premier of Slap Fighting Championship. Watch the adrenaline and intensity of one the most exciting new combat sports with 16 different matches including 3-time champion ""Zale≈õ"" Zalewski taking on the American slap fighting sensation, Da Crazy Hawaiian, Saturday, March 5, 2022.
SUBSCRIBE FOR DAILY VLOGS! ‚ñ∫ http://bit.ly/Subscribe2Logan
Watch Previous Vlog (Logan Paul & KSI Go Undercover At Walmart) ‚ñ∫ https://youtu.be/gHJaXRZElXs

***WARNING. Do not try this at home.
The following show features competitive slap fighting performed by and monitored by professionals with medical staff on site.¬† Slapping hurts and can cause serious injuries.¬† For your safety and the protection of others, do not attempt any version of the slap fighting you are about to see.¬† Do not attempt to recreate or re-enact any fighting or slapping activity performed on this show.¬† [NETWORK] and the producers and distributors of this program shall not be held liable for any injuries to you or others should you attempt to reenact any activity performed in this program.***

ADD ME ON:
INSTAGRAM: https://www.instagram.com/LoganPaul/
TWITTER: https://twitter.com/LoganPaul

Watch our IMPAULSIVE Podcast ‚ñ∫ https://www.youtube.com/impaulsive
OR IMPAULSIVE CLIPS ‚ñ∫ https://www.youtube.com/impaulsiveclips

Lootie: Use code FREE for a free mystery box
https://www.lootie.com/r/free

I‚Äôm a 26 year old living in Puerto Rico. This is my life.
https://www.youtube.com/LoganPaulVlogs",105717,10773132,6057
Logan Paul & KSI Go Undercover At Walmart,"After years of heated rivalry, we‚Äôre humbled & honored to bring you Prime Hydration.
Follow @DrinkPrime on Instagram ‚ñ∫ https://www.instagram.com/drinkprime/
SUBSCRIBE FOR DAILY VLOGS! ‚ñ∫ http://bit.ly/Subscribe2Logan

Watch Previous Vlog (I Started A Drink Company With KSI) ‚ñ∫ https://youtu.be/hmXTBjM0is4

ADD ME ON:
INSTAGRAM: https://www.instagram.com/LoganPaul/
TWITTER: https://twitter.com/LoganPaul

Watch our IMPAULSIVE Podcast ‚ñ∫ https://www.youtube.com/impaulsive
OR IMPAULSIVE CLIPS ‚ñ∫ https://www.youtube.com/impaulsiveclips

I‚Äôm a 26 year old lad residing in Puerto Rico. This is my life.
https://www.youtube.com/LoganPaulVlogs


Edited by: @HillierSmith 
Shot by: @kevingmov - @Andreduqum  - @davidsonn

‚ö† DISCLAIMER ‚ö†
Please be advised; the situations, subject matter, and satirical content contained in this vlog are for entertainment purposes only! Under no circumstances should any activities, stunts, or dramatic interpretations included in this content be replicated/attempted in any capacity by viewers. Again, any and all dramatic interpretations are for entertainment purposes. Product benefits and ingredients are expressly listed on product packaging. Prime does not heal ailments or STD‚Äôs.",620479,10538624,15103
"I Lost $3,500,000 On Fake Pok√©mon Cards","Drink Prime so I can get my $3,500,000 back :)
Follow @DrinkPrime on Instagram ‚ñ∫ https://www.instagram.com/drinkprime/

SUBSCRIBE FOR DAILY VLOGS! ‚ñ∫ http://bit.ly/Subscribe2Logan

Watch Previous Vlog (I Started A Drink Company With KSI) ‚ñ∫ https://youtu.be/hmXTBjM0is4

ADD ME ON:
INSTAGRAM: https://www.instagram.com/LoganPaul/
TWITTER: https://twitter.com/LoganPaul

Watch our IMPAULSIVE Podcast ‚ñ∫ https://www.youtube.com/impaulsive
OR IMPAULSIVE CLIPS ‚ñ∫ https://www.youtube.com/impaulsiveclips

I‚Äôm a 26 year old manchild living in Puerto Rico. This is my life.
https://www.youtube.com/LoganPaulVlogs

G.I. Joe Theme
https://youtu.be/m2NvdKTSRS0

Edited by: @HillierSmith
Shot by: Kevin Galvan",388981,7731523,20302
I Started A Drink Company With KSI,"After years of heated rivalry, we‚Äôre humbled & honored to bring you Prime Hydration.
Follow @DrinkPrime on Instagram ‚ñ∫ https://www.instagram.com/drinkprime/
SUBSCRIBE FOR DAILY VLOGS! ‚ñ∫ http://bit.ly/Subscribe2Logan

ADD ME ON:
INSTAGRAM: https://www.instagram.com/LoganPaul/
TWITTER: https://twitter.com/LoganPaul

Watch our IMPAULSIVE Podcast ‚ñ∫ https://www.youtube.com/impaulsive
OR IMPAULSIVE CLIPS ‚ñ∫ https://www.youtube.com/impaulsiveclips

I‚Äôm a 26 year old creator living in Puerto Rico. This is my life.
https://www.youtube.com/LoganPaulVlogs

Edited by: @HillierSmith",487123,8013060,13983
